{"hausdorff": {"8": {"6": 109.9317970379817, "11": 291.0, "16": 83.38465086573187, "21": 69.46221994724903, "27": 60.03332407921454, "32": 70.0, "34": 61.0, "37": 92.30926280715278, "42": 96.25487000666512}, "9": {"4": 121.24768039018313, "9": 99.02019995940222, "10": 736.7258648914127, "14": 0.0, "15": 104.21612159354233, "24": 76.36753236814714, "29": 78.79086241436883, "30": 127.31457104353767, "35": 77.17512552629896, "40": 91.706052144883, "45": 58.52349955359813}, "10": {"23": 231.03679360655957}, "11": {"25": 121.40016474453401}, "12": {"26": 103.9471019317037}, "17": {"26": 644.2872030391416}, "19": {"22": 55.65968020030299}}, "hausdorff95": {"8": {"6": 66.63031201094516, "11": 54.235493543835766, "16": 49.36077825819622, "21": 32.74511618810699, "27": 44.74091293156394, "32": 44.027094147640376, "34": 48.40865155939732, "37": 44.0, "42": 43.83263504135229}, "9": {"4": 84.29590483892672, "9": 65.9385780220775, "10": 42.18765429177916, "14": 0.0, "15": 67.446274915669, "24": 52.32590180780452, "29": 34.98714023216462, "30": 54.02730628682345, "35": 52.828007323576564, "40": 51.478150704935004, "45": 43.01162633521314}, "10": {"23": 41.7612260356422}, "11": {"25": 81.0554765360691}, "12": {"26": 69.77015051880835}, "17": {"26": 67.06747035792257}, "19": {"22": 40.681668907694906}}, "hausdorff75": {"8": {"6": 54.0, "11": 45.221676218380054, "16": 29.410882339705484, "21": 21.095023109728988, "27": 26.1725046566048, "32": 22.02271554554524, "34": 32.57299494980466, "37": 26.921180050291245, "42": 26.570660511172846}, "9": {"4": 44.03687002732206, "9": 26.94436802675439, "10": 26.40075756488817, "14": 0.0, "15": 35.34119409414458, "24": 26.570660511172846, "29": 22.80350850198276, "30": 31.622776601683793, "35": 26.92582403567252, "40": 24.708291991269192, "45": 19.924858845171276}, "10": {"23": 25.96150997149434}, "11": {"25": 45.12205669071391}, "12": {"26": 22.561028345356956}, "17": {"26": 51.05144023996934}, "19": {"22": 27.202941017470888}}, "hausdorff50": {"8": {"6": 36.76955262170047, "11": 37.0, "16": 20.0, "21": 10.0, "27": 14.560219778561036, "32": 15.231546211727817, "34": 24.698178070456937, "37": 16.598131167170045, "42": 15.811388300841896}, "9": {"4": 26.076809620810597, "9": 13.095675624185603, "10": 18.439088914585774, "14": 0.0, "15": 21.93171219946131, "24": 14.317821063276353, "29": 13.0, "30": 20.12461179749811, "35": 13.92838827718412, "40": 12.124285517095505, "45": 11.180339887498949}, "10": {"23": 19.1049731745428}, "11": {"25": 27.313000567495326}, "12": {"26": 12.041594578792296}, "17": {"26": 36.027756377319946}, "19": {"22": 16.598131167170045}}, "meandist": {"8": {"6": 37.069688077549266, "11": 33.92156347108779, "16": 20.98543018303818, "21": 13.37595257530539, "27": 17.376094608390215, "32": 17.27825452410359, "34": 25.046622816584843, "37": 19.655378170740963, "42": 17.692402275832144}, "9": {"4": 34.44186613757452, "9": 20.08199472714533, "10": 19.67518495335549, "14": 0.0, "15": 26.68349926118062, "24": 18.635338537303117, "29": 15.97714351574404, "30": 23.16631380123096, "35": 19.217705892794598, "40": 17.347069361984353, "45": 14.383918219938684}, "10": {"23": 18.537967211744764}, "11": {"25": 33.088339770807}, "12": {"26": 18.405995817239166}, "17": {"26": 37.14783961875143}, "19": {"22": 18.695322002658}}}